{
  "project_info": {
    "project_number": "315536434333",
    "project_id": "fir-15268",
    "storage_bucket": "fir-15268.appspot.com"
  },
  "client": [
    {
      "client_info": {
        "mobilesdk_app_id": "1:315536434333:android:290bd48e40c6c9e1fee074",
        "android_client_info": {
          "package_name": "com.capstone.ecotracker"
        }
      },
      "oauth_client": [],
      "api_key": [
        {
          "current_key": "AIzaSyCwmdJxPv5245G18cN8dJogZpmc5kA-Z7w"
        }
      ],
      "services": {
        "appinvite_service": {
          "other_platform_oauth_client": []
        }
      }
    }
  ],
  "configuration_version": "1"
}